<?xml version="1.0" encoding="UTF-8" standalone="yes"?>
<addon id="repository.bilflix"
        name="BilFlix Repository"
        version="0.1"
        provider-name="Lomixx">
    <extension point="xbmc.addon.repository" name="BilFlix XBMC Addon Repository">
        <checksum>https://raw.githubusercontent.com/Kodi-BilFlix/bilflix-xbmc-addons/master/addons.xml.md5?token=AOPEUPTJWGQZQ26L7HH4LPS6HPTHA</checksum>
        <info compressed="false">https://raw.githubusercontent.com/Kodi-BilFlix/bilflix-xbmc-addons/master/addons.xml?token=AOPEUPXVAGICOKKRVIMLQVS6HPS4I</info>
        <datadir zip="true">https://github.com/Kodi-BilFlix/bilflix-xbmc-addons/raw/master/repo</datadir>
    </extension>

    <extension point="xbmc.addon.metadata">
        <summary lang="fr">BilFlix Repository</summary>
        <description lang="fr">Installer BilFlix</description>
        <summary lang="en">BilFlix Repository</summary>
        <description lang="en">Download and install BilFlix</description>
        <platform>all</platform>
    </extension>
</addon>
