<?xml version="1.0" encoding="UTF-8" standalone="yes"?>
<addon id="plugin.video.bilflix" name="BilFlix" version="0.1.1" provider-name="Lomixx">
    <requires>
        <import addon="xbmc.python" version="2.24.0"/>
        <import addon="script.module.simplejson" version="3.3.0"/>
        <import addon="script.module.urlresolver" optional="true"/>
        <import addon="script.module.requests" version="2.9.1"/>
	    <import addon="script.video.F4mProxy" optional="true"/>
        <import addon="repository.bilflix" version="0.1"/>
    </requires>
    <extension point="xbmc.python.pluginsource" library="default.py">
        <provides>video</provides>
    </extension>
    <extension point="xbmc.service" library="service.py" />
    <extension point="xbmc.addon.metadata">
        <summary lang="fr_FR">BilFlix par Lomixx.</summary>
        <description lang="fr_FR">BilFlix est un module de streaming français, trouvez tous vos films, séries et mangas.</description>
        <disclaimer lang="fr_FR">BilFlix est un addon de streaming videos</disclaimer>
        <summary lang="fr_CA">BilFlix par Lomixx.</summary>
        <description lang="fr_CA">BilFlix est un module de streaming français, trouvez tous vos films, séries et mangas.</description>
        <disclaimer lang="fr_CA">BilFlix est un addon de streaming videos</disclaimer>
        <summary lang="en_GB">BilFlix by Lomixx.</summary>
        <description lang="en_GB">BilFlix module and a french streaming, find all your movies, TV shows and mangas.</description>
        <disclaimer lang="en_GB">BilFlix is a video streaming addon</disclaimer>
        <summary lang="en_NZ">BilFlix by Lomixx.</summary>
        <description lang="en_NZ">BilFlix module and a french streaming, find all your movies, TV shows and mangas.</description>
        <disclaimer lang="en_NZ">BilFlix is a video streaming addon</disclaimer>
        <summary lang="en_US">BilFlix by Lomixx.</summary>
        <description lang="en_US">BilFlix module and a french streaming, find all your movies, TV shows and mangas.</description>
        <disclaimer lang="en_US">BilFlix is a video streaming addon</disclaimer>
        <platform>all</platform>
        <license>GNU GENERAL PUBLIC LICENSE</license>
        <forum>https://github.com/Kodi-BilFlix/bilflix-xbmc-addons/issues</forum>
		<source>https://github.com/Kodi-BilFlix/bilflix-xbmc-addons/</source>
        <assets>
			<icon>icon.png</icon>
			<fanart>fanart.jpg</fanart>
			<screenshot>screenshot-01.jpg</screenshot>
			<screenshot>screenshot-02.jpg</screenshot>
			<screenshot>screenshot-03.jpg</screenshot>
		</assets>
    </extension>
</addon>
